Discount ${discount} For All Orders Over ${price}, Descuento de ${discount} para todos los pedidos superiores a ${price}.
Please select,"Por favor, selecciona..."
The page you requested does not exist., La página que solicitaste no existe
Continue shopping, Continuar comprando
404 Page Not Found, 404 Página no encontrada
Home, Inicio
Not found, No encontrado
Shop,Tienda
Rents,Rental
Tours & Experiences,Tours & Experiencias
Galery,Galeria
Contact,Contacto
Note saved successfully,Nota guardada
My User,Mi Usuario
My Cart,Mi Carrito
Search Product,Buscar Producto
SEE EQUIPMENT,VER MÁS
Sales,Promociones
Featured Excursions,Excursiones Recomendadas
Featured Packages,Paquetes Destacados
We have the ideal packages to live unforgettable experiences,Tenemos los paquetes ideales para vivir experiencias innolvidables
Explore the most impressive landscapes of the End of the World and live unforgettable experiences with Ushuaia Extremo.,Explorá los paisajes más impresionantes del Fin del Mundo y viví experiencias innolvidables con Ushuaia Extremo
Know all the Excursions, Conocé todas las Excursiones
MORE EXCURSIONS,MÁS EXCURSIONES
Who are we?,Quienes Somos?
FROM,DESDE
"Ushuaia Extremo was born from a love of adventure and a passion for showcasing the unique beauty of the End of the World. We are a team of Tierra del Fuego residents committed to providing authentic, safe, and memorable experiences to every traveler who visits Ushuaia.","Ushuaia Extremo nació del amor por la aventura y la pasión por mostrar la belleza única del Fin del Mundo. Somos un equipo de fueguinos comprometidos con brindar experiencias auténticas, seguras y memorables a cada viajero que pisa Ushuaia."
Featured News,Noticias Destacadas
